1,a,words/0/1.jpg
2,abacá,words/0/2.jpg
3,abacera,words/0/3.jpg
3,abacera,words/0/3.jpg
4,abaceras,words/0/4.jpg
4,abaceras,words/0/4.jpg
5,abaceria,words/0/5.jpg
5,abaceria,words/0/5.jpg
6,abacerias,words/0/6.jpg
6,abacerias,words/0/6.jpg
7,abacero,words/0/7.jpg
7,abacero,words/0/7.jpg
8,abaceros,words/0/8.jpg
8,abaceros,words/0/8.jpg
9,abacial,words/0/9.jpg
9,abacial,words/0/9.jpg
10,abaciales,words/0/10.jpg
10,abaciales,words/0/10.jpg
11,abad,words/0/11.jpg
11,abad,words/0/11.jpg
12,abadejo,words/0/12.jpg
12,abadejo,words/0/12.jpg
13,abadejos,words/0/13.jpg
13,abadejos,words/0/13.jpg
14,abadenga,words/0/14.jpg
14,abadenga,words/0/14.jpg
15,abadengas,words/0/15.jpg
15,abadengas,words/0/15.jpg
16,abadengo,words/0/16.jpg
16,abadengo,words/0/16.jpg
17,abadengos,words/0/17.jpg
17,abadengos,words/0/17.jpg
18,abades,words/0/18.jpg
18,abades,words/0/18.jpg
19,abadesa,words/0/19.jpg
19,abadesa,words/0/19.jpg
20,abadesas,words/0/20.jpg
20,abadesas,words/0/20.jpg
21,abadiato,words/0/21.jpg
21,abadiato,words/0/21.jpg
22,abadiatos,words/0/22.jpg
22,abadiatos,words/0/22.jpg
23,abadía,words/0/23.jpg
23,abadía,words/0/23.jpg
24,abadías,words/0/24.jpg
25,abajamiento,words/0/25.jpg
25,abajamiento,words/0/25.jpg
26,abajamientos,words/0/26.jpg
26,abajamientos,words/0/26.jpg
27,abajeño,words/0/27.jpg
27,abajeño,words/0/27.jpg
28,abajeños,words/0/28.jpg
28,abajeños,words/0/28.jpg
29,abajo,words/0/29.jpg
29,abajo,words/0/29.jpg
30,abalance,words/0/30.jpg
30,abalance,words/0/30.jpg
31,abalancemos,words/0/31.jpg
32,abalancen,words/0/32.jpg
32,abalancen,words/0/32.jpg
33,abalances,words/0/33.jpg
33,abalances,words/0/33.jpg
34,abalancé,words/0/34.jpg
34,abalancé,words/0/34.jpg
35,abalancéis,words/0/35.jpg
35,abalancéis,words/0/35.jpg
36,abalanza,words/0/36.jpg
36,abalanza,words/0/36.jpg
37,abalanzabas,words/0/37.jpg
37,abalanzabas,words/0/37.jpg
38,abalanzado,words/0/38.jpg
38,abalanzado,words/0/38.jpg
39,abalanzamos,words/0/39.jpg
40,abalanzan,words/0/40.jpg
